name,features,price
Essential,"Xeon® E-2134*,4 Core / 8 Thread,64GBDDR4 RAM,2TBSSD,1GbpsUnmetered Bandwidth,5Dedicated IPs,cPanelDedicated Premier Included ($49.99/mo value),APSPriority Support ($20/mo value),Launch AssistOnboarding and Server Setup ($199 one-time value),+ Premier CareBundle Included($20/mo. Regular Price$157.99),MonarxSecurity ($19.99/mo value),500GBBackup Storage($90/mo value),InMotion SolutionsConsulting - 1hr/mo ($48/mo value),Xeon® E-2176G*,6 Core / 12 Thread,64GBDDR4 RAM,2x1.92TBSSDSoftware RAID-1,1GbpsUnmetered Bandwidth,10Dedicated IPs,cPanelDedicated Premier Included ($49.99/mo value),APSPriority Support ($20/mo value),Launch AssistOnboarding and Server Setup ($199 one-time value),+ Premier CareBundle Included($20/mo. Regular Price$157.99),MonarxSecurity ($19.99/mo value),500GBBackup Storage($90/mo value),InMotion SolutionsConsulting - 1hr/mo ($48/mo value),Xeon® E-2388G*,8 Core / 16 Thread,128GBDDR4 RAM,2x1.92TBNVMe SSDSoftware RAID-1,1GbpsUnmetered Bandwidth,16Dedicated IPs,cPanelDedicated Premier Included ($49.99/mo value),APSPriority Support ($20/mo value),Launch AssistOnboarding and Server Setup ($199 one-time value),+ Premier CareBundle Included($20/mo. Regular Price$157.99),MonarxSecurity ($19.99/mo value),500GBBackup Storage($90/mo value),InMotion SolutionsConsulting - 1hr/mo ($48/mo value),AMD EPYC 4545p,16 Core / 32 Thread,192GBDDR5 ECC RAM,2x3.84TBNVMe SSDSoftware RAID-1,3Gbps - 10GbpsUnmetered Bandwidth,32Dedicated IPs,cPanelDedicated Premier Included ($49.99/mo value),APSPriority Support ($20/mo value),Launch AssistOnboarding and Server Setup ($199 one-time value),+ Premier CareBundle Included($20/mo. Regular Price$157.99),MonarxSecurity ($19.99/mo value),500GBBackup Storage($90/mo value),InMotion SolutionsConsulting - 1hr/mo ($48/mo value),Xeon® E-2134*,4 Core / 8 Thread,64GBDDR4 RAM,2TBSSD,1GbpsUnmetered Bandwidth,5Dedicated IPs,APSPriority Support ($20/mo value),Launch AssistOnboarding and Server Setup ($199 one-time value),Xeon® E-2176G*,6 Core / 12 Thread,64GBDDR4 RAM,2x1.92TBSSDSoftware RAID-1,1GbpsUnmetered Bandwidth,10Dedicated IPs,APSPriority Support ($20/mo value),Launch AssistOnboarding and Server Setup ($199 one-time value),Xeon® E-2388G*,8 Core / 16 Thread,128GBDDR4 RAM,2x1.92TBNVMe SSDSoftware RAID-1,1GbpsUnmetered Bandwidth,16Dedicated IPs,APSPriority Support ($20/mo value),Launch AssistOnboarding and Server Setup ($199 one-time value),AMD EPYC 4545p,16 Core / 32 Thread,192GBDDR5 ECC RAM,2x3.84TBNVMe SSDSoftware RAID-1,3Gbps - 10GbpsUnmetered Bandwidth,32Dedicated IPs,APSPriority Support ($20/mo value),Launch AssistOnboarding and Server Setup ($199 one-time value),Xeon® E3-1246 v3*,4 Core / 8 Thread,16GBDDR3 RAM,960GBSSD,1GbpsUnmetered Bandwidth,1Dedicated IPs,APSPriority Support ($20/mo value),Launch AssistOnboarding and Server Setup ($199 one-time value)",$169.98
Advanced,"Xeon® E-2134*,4 Core / 8 Thread,64GBDDR4 RAM,2TBSSD,1GbpsUnmetered Bandwidth,5Dedicated IPs,cPanelDedicated Premier Included ($49.99/mo value),APSPriority Support ($20/mo value),Launch AssistOnboarding and Server Setup ($199 one-time value),+ Premier CareBundle Included($20/mo. Regular Price$157.99),MonarxSecurity ($19.99/mo value),500GBBackup Storage($90/mo value),InMotion SolutionsConsulting - 1hr/mo ($48/mo value),Xeon® E-2176G*,6 Core / 12 Thread,64GBDDR4 RAM,2x1.92TBSSDSoftware RAID-1,1GbpsUnmetered Bandwidth,10Dedicated IPs,cPanelDedicated Premier Included ($49.99/mo value),APSPriority Support ($20/mo value),Launch AssistOnboarding and Server Setup ($199 one-time value),+ Premier CareBundle Included($20/mo. Regular Price$157.99),MonarxSecurity ($19.99/mo value),500GBBackup Storage($90/mo value),InMotion SolutionsConsulting - 1hr/mo ($48/mo value),Xeon® E-2388G*,8 Core / 16 Thread,128GBDDR4 RAM,2x1.92TBNVMe SSDSoftware RAID-1,1GbpsUnmetered Bandwidth,16Dedicated IPs,cPanelDedicated Premier Included ($49.99/mo value),APSPriority Support ($20/mo value),Launch AssistOnboarding and Server Setup ($199 one-time value),+ Premier CareBundle Included($20/mo. Regular Price$157.99),MonarxSecurity ($19.99/mo value),500GBBackup Storage($90/mo value),InMotion SolutionsConsulting - 1hr/mo ($48/mo value),AMD EPYC 4545p,16 Core / 32 Thread,192GBDDR5 ECC RAM,2x3.84TBNVMe SSDSoftware RAID-1,3Gbps - 10GbpsUnmetered Bandwidth,32Dedicated IPs,cPanelDedicated Premier Included ($49.99/mo value),APSPriority Support ($20/mo value),Launch AssistOnboarding and Server Setup ($199 one-time value),+ Premier CareBundle Included($20/mo. Regular Price$157.99),MonarxSecurity ($19.99/mo value),500GBBackup Storage($90/mo value),InMotion SolutionsConsulting - 1hr/mo ($48/mo value),Xeon® E-2134*,4 Core / 8 Thread,64GBDDR4 RAM,2TBSSD,1GbpsUnmetered Bandwidth,5Dedicated IPs,APSPriority Support ($20/mo value),Launch AssistOnboarding and Server Setup ($199 one-time value),Xeon® E-2176G*,6 Core / 12 Thread,64GBDDR4 RAM,2x1.92TBSSDSoftware RAID-1,1GbpsUnmetered Bandwidth,10Dedicated IPs,APSPriority Support ($20/mo value),Launch AssistOnboarding and Server Setup ($199 one-time value),Xeon® E-2388G*,8 Core / 16 Thread,128GBDDR4 RAM,2x1.92TBNVMe SSDSoftware RAID-1,1GbpsUnmetered Bandwidth,16Dedicated IPs,APSPriority Support ($20/mo value),Launch AssistOnboarding and Server Setup ($199 one-time value),AMD EPYC 4545p,16 Core / 32 Thread,192GBDDR5 ECC RAM,2x3.84TBNVMe SSDSoftware RAID-1,3Gbps - 10GbpsUnmetered Bandwidth,32Dedicated IPs,APSPriority Support ($20/mo value),Launch AssistOnboarding and Server Setup ($199 one-time value),Xeon® E3-1246 v3*,4 Core / 8 Thread,16GBDDR3 RAM,960GBSSD,1GbpsUnmetered Bandwidth,1Dedicated IPs,APSPriority Support ($20/mo value),Launch AssistOnboarding and Server Setup ($199 one-time value)",$219.98
Elite,"Xeon® E-2134*,4 Core / 8 Thread,64GBDDR4 RAM,2TBSSD,1GbpsUnmetered Bandwidth,5Dedicated IPs,cPanelDedicated Premier Included ($49.99/mo value),APSPriority Support ($20/mo value),Launch AssistOnboarding and Server Setup ($199 one-time value),+ Premier CareBundle Included($20/mo. Regular Price$157.99),MonarxSecurity ($19.99/mo value),500GBBackup Storage($90/mo value),InMotion SolutionsConsulting - 1hr/mo ($48/mo value),Xeon® E-2176G*,6 Core / 12 Thread,64GBDDR4 RAM,2x1.92TBSSDSoftware RAID-1,1GbpsUnmetered Bandwidth,10Dedicated IPs,cPanelDedicated Premier Included ($49.99/mo value),APSPriority Support ($20/mo value),Launch AssistOnboarding and Server Setup ($199 one-time value),+ Premier CareBundle Included($20/mo. Regular Price$157.99),MonarxSecurity ($19.99/mo value),500GBBackup Storage($90/mo value),InMotion SolutionsConsulting - 1hr/mo ($48/mo value),Xeon® E-2388G*,8 Core / 16 Thread,128GBDDR4 RAM,2x1.92TBNVMe SSDSoftware RAID-1,1GbpsUnmetered Bandwidth,16Dedicated IPs,cPanelDedicated Premier Included ($49.99/mo value),APSPriority Support ($20/mo value),Launch AssistOnboarding and Server Setup ($199 one-time value),+ Premier CareBundle Included($20/mo. Regular Price$157.99),MonarxSecurity ($19.99/mo value),500GBBackup Storage($90/mo value),InMotion SolutionsConsulting - 1hr/mo ($48/mo value),AMD EPYC 4545p,16 Core / 32 Thread,192GBDDR5 ECC RAM,2x3.84TBNVMe SSDSoftware RAID-1,3Gbps - 10GbpsUnmetered Bandwidth,32Dedicated IPs,cPanelDedicated Premier Included ($49.99/mo value),APSPriority Support ($20/mo value),Launch AssistOnboarding and Server Setup ($199 one-time value),+ Premier CareBundle Included($20/mo. Regular Price$157.99),MonarxSecurity ($19.99/mo value),500GBBackup Storage($90/mo value),InMotion SolutionsConsulting - 1hr/mo ($48/mo value),Xeon® E-2134*,4 Core / 8 Thread,64GBDDR4 RAM,2TBSSD,1GbpsUnmetered Bandwidth,5Dedicated IPs,APSPriority Support ($20/mo value),Launch AssistOnboarding and Server Setup ($199 one-time value),Xeon® E-2176G*,6 Core / 12 Thread,64GBDDR4 RAM,2x1.92TBSSDSoftware RAID-1,1GbpsUnmetered Bandwidth,10Dedicated IPs,APSPriority Support ($20/mo value),Launch AssistOnboarding and Server Setup ($199 one-time value),Xeon® E-2388G*,8 Core / 16 Thread,128GBDDR4 RAM,2x1.92TBNVMe SSDSoftware RAID-1,1GbpsUnmetered Bandwidth,16Dedicated IPs,APSPriority Support ($20/mo value),Launch AssistOnboarding and Server Setup ($199 one-time value),AMD EPYC 4545p,16 Core / 32 Thread,192GBDDR5 ECC RAM,2x3.84TBNVMe SSDSoftware RAID-1,3Gbps - 10GbpsUnmetered Bandwidth,32Dedicated IPs,APSPriority Support ($20/mo value),Launch AssistOnboarding and Server Setup ($199 one-time value),Xeon® E3-1246 v3*,4 Core / 8 Thread,16GBDDR3 RAM,960GBSSD,1GbpsUnmetered Bandwidth,1Dedicated IPs,APSPriority Support ($20/mo value),Launch AssistOnboarding and Server Setup ($199 one-time value)",$269.98
Extreme,"Xeon® E-2134*,4 Core / 8 Thread,64GBDDR4 RAM,2TBSSD,1GbpsUnmetered Bandwidth,5Dedicated IPs,cPanelDedicated Premier Included ($49.99/mo value),APSPriority Support ($20/mo value),Launch AssistOnboarding and Server Setup ($199 one-time value),+ Premier CareBundle Included($20/mo. Regular Price$157.99),MonarxSecurity ($19.99/mo value),500GBBackup Storage($90/mo value),InMotion SolutionsConsulting - 1hr/mo ($48/mo value),Xeon® E-2176G*,6 Core / 12 Thread,64GBDDR4 RAM,2x1.92TBSSDSoftware RAID-1,1GbpsUnmetered Bandwidth,10Dedicated IPs,cPanelDedicated Premier Included ($49.99/mo value),APSPriority Support ($20/mo value),Launch AssistOnboarding and Server Setup ($199 one-time value),+ Premier CareBundle Included($20/mo. Regular Price$157.99),MonarxSecurity ($19.99/mo value),500GBBackup Storage($90/mo value),InMotion SolutionsConsulting - 1hr/mo ($48/mo value),Xeon® E-2388G*,8 Core / 16 Thread,128GBDDR4 RAM,2x1.92TBNVMe SSDSoftware RAID-1,1GbpsUnmetered Bandwidth,16Dedicated IPs,cPanelDedicated Premier Included ($49.99/mo value),APSPriority Support ($20/mo value),Launch AssistOnboarding and Server Setup ($199 one-time value),+ Premier CareBundle Included($20/mo. Regular Price$157.99),MonarxSecurity ($19.99/mo value),500GBBackup Storage($90/mo value),InMotion SolutionsConsulting - 1hr/mo ($48/mo value),AMD EPYC 4545p,16 Core / 32 Thread,192GBDDR5 ECC RAM,2x3.84TBNVMe SSDSoftware RAID-1,3Gbps - 10GbpsUnmetered Bandwidth,32Dedicated IPs,cPanelDedicated Premier Included ($49.99/mo value),APSPriority Support ($20/mo value),Launch AssistOnboarding and Server Setup ($199 one-time value),+ Premier CareBundle Included($20/mo. Regular Price$157.99),MonarxSecurity ($19.99/mo value),500GBBackup Storage($90/mo value),InMotion SolutionsConsulting - 1hr/mo ($48/mo value),Xeon® E-2134*,4 Core / 8 Thread,64GBDDR4 RAM,2TBSSD,1GbpsUnmetered Bandwidth,5Dedicated IPs,APSPriority Support ($20/mo value),Launch AssistOnboarding and Server Setup ($199 one-time value),Xeon® E-2176G*,6 Core / 12 Thread,64GBDDR4 RAM,2x1.92TBSSDSoftware RAID-1,1GbpsUnmetered Bandwidth,10Dedicated IPs,APSPriority Support ($20/mo value),Launch AssistOnboarding and Server Setup ($199 one-time value),Xeon® E-2388G*,8 Core / 16 Thread,128GBDDR4 RAM,2x1.92TBNVMe SSDSoftware RAID-1,1GbpsUnmetered Bandwidth,16Dedicated IPs,APSPriority Support ($20/mo value),Launch AssistOnboarding and Server Setup ($199 one-time value),AMD EPYC 4545p,16 Core / 32 Thread,192GBDDR5 ECC RAM,2x3.84TBNVMe SSDSoftware RAID-1,3Gbps - 10GbpsUnmetered Bandwidth,32Dedicated IPs,APSPriority Support ($20/mo value),Launch AssistOnboarding and Server Setup ($199 one-time value),Xeon® E3-1246 v3*,4 Core / 8 Thread,16GBDDR3 RAM,960GBSSD,1GbpsUnmetered Bandwidth,1Dedicated IPs,APSPriority Support ($20/mo value),Launch AssistOnboarding and Server Setup ($199 one-time value)",$419.98
Essential,"Xeon® E-2134*,4 Core / 8 Thread,64GBDDR4 RAM,2TBSSD,1GbpsUnmetered Bandwidth,5Dedicated IPs,cPanelDedicated Premier Included ($49.99/mo value),APSPriority Support ($20/mo value),Launch AssistOnboarding and Server Setup ($199 one-time value),+ Premier CareBundle Included($20/mo. Regular Price$157.99),MonarxSecurity ($19.99/mo value),500GBBackup Storage($90/mo value),InMotion SolutionsConsulting - 1hr/mo ($48/mo value),Xeon® E-2176G*,6 Core / 12 Thread,64GBDDR4 RAM,2x1.92TBSSDSoftware RAID-1,1GbpsUnmetered Bandwidth,10Dedicated IPs,cPanelDedicated Premier Included ($49.99/mo value),APSPriority Support ($20/mo value),Launch AssistOnboarding and Server Setup ($199 one-time value),+ Premier CareBundle Included($20/mo. Regular Price$157.99),MonarxSecurity ($19.99/mo value),500GBBackup Storage($90/mo value),InMotion SolutionsConsulting - 1hr/mo ($48/mo value),Xeon® E-2388G*,8 Core / 16 Thread,128GBDDR4 RAM,2x1.92TBNVMe SSDSoftware RAID-1,1GbpsUnmetered Bandwidth,16Dedicated IPs,cPanelDedicated Premier Included ($49.99/mo value),APSPriority Support ($20/mo value),Launch AssistOnboarding and Server Setup ($199 one-time value),+ Premier CareBundle Included($20/mo. Regular Price$157.99),MonarxSecurity ($19.99/mo value),500GBBackup Storage($90/mo value),InMotion SolutionsConsulting - 1hr/mo ($48/mo value),AMD EPYC 4545p,16 Core / 32 Thread,192GBDDR5 ECC RAM,2x3.84TBNVMe SSDSoftware RAID-1,3Gbps - 10GbpsUnmetered Bandwidth,32Dedicated IPs,cPanelDedicated Premier Included ($49.99/mo value),APSPriority Support ($20/mo value),Launch AssistOnboarding and Server Setup ($199 one-time value),+ Premier CareBundle Included($20/mo. Regular Price$157.99),MonarxSecurity ($19.99/mo value),500GBBackup Storage($90/mo value),InMotion SolutionsConsulting - 1hr/mo ($48/mo value),Xeon® E-2134*,4 Core / 8 Thread,64GBDDR4 RAM,2TBSSD,1GbpsUnmetered Bandwidth,5Dedicated IPs,APSPriority Support ($20/mo value),Launch AssistOnboarding and Server Setup ($199 one-time value),Xeon® E-2176G*,6 Core / 12 Thread,64GBDDR4 RAM,2x1.92TBSSDSoftware RAID-1,1GbpsUnmetered Bandwidth,10Dedicated IPs,APSPriority Support ($20/mo value),Launch AssistOnboarding and Server Setup ($199 one-time value),Xeon® E-2388G*,8 Core / 16 Thread,128GBDDR4 RAM,2x1.92TBNVMe SSDSoftware RAID-1,1GbpsUnmetered Bandwidth,16Dedicated IPs,APSPriority Support ($20/mo value),Launch AssistOnboarding and Server Setup ($199 one-time value),AMD EPYC 4545p,16 Core / 32 Thread,192GBDDR5 ECC RAM,2x3.84TBNVMe SSDSoftware RAID-1,3Gbps - 10GbpsUnmetered Bandwidth,32Dedicated IPs,APSPriority Support ($20/mo value),Launch AssistOnboarding and Server Setup ($199 one-time value),Xeon® E3-1246 v3*,4 Core / 8 Thread,16GBDDR3 RAM,960GBSSD,1GbpsUnmetered Bandwidth,1Dedicated IPs,APSPriority Support ($20/mo value),Launch AssistOnboarding and Server Setup ($199 one-time value)",$99.99
Advanced,"Xeon® E-2134*,4 Core / 8 Thread,64GBDDR4 RAM,2TBSSD,1GbpsUnmetered Bandwidth,5Dedicated IPs,cPanelDedicated Premier Included ($49.99/mo value),APSPriority Support ($20/mo value),Launch AssistOnboarding and Server Setup ($199 one-time value),+ Premier CareBundle Included($20/mo. Regular Price$157.99),MonarxSecurity ($19.99/mo value),500GBBackup Storage($90/mo value),InMotion SolutionsConsulting - 1hr/mo ($48/mo value),Xeon® E-2176G*,6 Core / 12 Thread,64GBDDR4 RAM,2x1.92TBSSDSoftware RAID-1,1GbpsUnmetered Bandwidth,10Dedicated IPs,cPanelDedicated Premier Included ($49.99/mo value),APSPriority Support ($20/mo value),Launch AssistOnboarding and Server Setup ($199 one-time value),+ Premier CareBundle Included($20/mo. Regular Price$157.99),MonarxSecurity ($19.99/mo value),500GBBackup Storage($90/mo value),InMotion SolutionsConsulting - 1hr/mo ($48/mo value),Xeon® E-2388G*,8 Core / 16 Thread,128GBDDR4 RAM,2x1.92TBNVMe SSDSoftware RAID-1,1GbpsUnmetered Bandwidth,16Dedicated IPs,cPanelDedicated Premier Included ($49.99/mo value),APSPriority Support ($20/mo value),Launch AssistOnboarding and Server Setup ($199 one-time value),+ Premier CareBundle Included($20/mo. Regular Price$157.99),MonarxSecurity ($19.99/mo value),500GBBackup Storage($90/mo value),InMotion SolutionsConsulting - 1hr/mo ($48/mo value),AMD EPYC 4545p,16 Core / 32 Thread,192GBDDR5 ECC RAM,2x3.84TBNVMe SSDSoftware RAID-1,3Gbps - 10GbpsUnmetered Bandwidth,32Dedicated IPs,cPanelDedicated Premier Included ($49.99/mo value),APSPriority Support ($20/mo value),Launch AssistOnboarding and Server Setup ($199 one-time value),+ Premier CareBundle Included($20/mo. Regular Price$157.99),MonarxSecurity ($19.99/mo value),500GBBackup Storage($90/mo value),InMotion SolutionsConsulting - 1hr/mo ($48/mo value),Xeon® E-2134*,4 Core / 8 Thread,64GBDDR4 RAM,2TBSSD,1GbpsUnmetered Bandwidth,5Dedicated IPs,APSPriority Support ($20/mo value),Launch AssistOnboarding and Server Setup ($199 one-time value),Xeon® E-2176G*,6 Core / 12 Thread,64GBDDR4 RAM,2x1.92TBSSDSoftware RAID-1,1GbpsUnmetered Bandwidth,10Dedicated IPs,APSPriority Support ($20/mo value),Launch AssistOnboarding and Server Setup ($199 one-time value),Xeon® E-2388G*,8 Core / 16 Thread,128GBDDR4 RAM,2x1.92TBNVMe SSDSoftware RAID-1,1GbpsUnmetered Bandwidth,16Dedicated IPs,APSPriority Support ($20/mo value),Launch AssistOnboarding and Server Setup ($199 one-time value),AMD EPYC 4545p,16 Core / 32 Thread,192GBDDR5 ECC RAM,2x3.84TBNVMe SSDSoftware RAID-1,3Gbps - 10GbpsUnmetered Bandwidth,32Dedicated IPs,APSPriority Support ($20/mo value),Launch AssistOnboarding and Server Setup ($199 one-time value),Xeon® E3-1246 v3*,4 Core / 8 Thread,16GBDDR3 RAM,960GBSSD,1GbpsUnmetered Bandwidth,1Dedicated IPs,APSPriority Support ($20/mo value),Launch AssistOnboarding and Server Setup ($199 one-time value)",$149.99
Elite,"Xeon® E-2134*,4 Core / 8 Thread,64GBDDR4 RAM,2TBSSD,1GbpsUnmetered Bandwidth,5Dedicated IPs,cPanelDedicated Premier Included ($49.99/mo value),APSPriority Support ($20/mo value),Launch AssistOnboarding and Server Setup ($199 one-time value),+ Premier CareBundle Included($20/mo. Regular Price$157.99),MonarxSecurity ($19.99/mo value),500GBBackup Storage($90/mo value),InMotion SolutionsConsulting - 1hr/mo ($48/mo value),Xeon® E-2176G*,6 Core / 12 Thread,64GBDDR4 RAM,2x1.92TBSSDSoftware RAID-1,1GbpsUnmetered Bandwidth,10Dedicated IPs,cPanelDedicated Premier Included ($49.99/mo value),APSPriority Support ($20/mo value),Launch AssistOnboarding and Server Setup ($199 one-time value),+ Premier CareBundle Included($20/mo. Regular Price$157.99),MonarxSecurity ($19.99/mo value),500GBBackup Storage($90/mo value),InMotion SolutionsConsulting - 1hr/mo ($48/mo value),Xeon® E-2388G*,8 Core / 16 Thread,128GBDDR4 RAM,2x1.92TBNVMe SSDSoftware RAID-1,1GbpsUnmetered Bandwidth,16Dedicated IPs,cPanelDedicated Premier Included ($49.99/mo value),APSPriority Support ($20/mo value),Launch AssistOnboarding and Server Setup ($199 one-time value),+ Premier CareBundle Included($20/mo. Regular Price$157.99),MonarxSecurity ($19.99/mo value),500GBBackup Storage($90/mo value),InMotion SolutionsConsulting - 1hr/mo ($48/mo value),AMD EPYC 4545p,16 Core / 32 Thread,192GBDDR5 ECC RAM,2x3.84TBNVMe SSDSoftware RAID-1,3Gbps - 10GbpsUnmetered Bandwidth,32Dedicated IPs,cPanelDedicated Premier Included ($49.99/mo value),APSPriority Support ($20/mo value),Launch AssistOnboarding and Server Setup ($199 one-time value),+ Premier CareBundle Included($20/mo. Regular Price$157.99),MonarxSecurity ($19.99/mo value),500GBBackup Storage($90/mo value),InMotion SolutionsConsulting - 1hr/mo ($48/mo value),Xeon® E-2134*,4 Core / 8 Thread,64GBDDR4 RAM,2TBSSD,1GbpsUnmetered Bandwidth,5Dedicated IPs,APSPriority Support ($20/mo value),Launch AssistOnboarding and Server Setup ($199 one-time value),Xeon® E-2176G*,6 Core / 12 Thread,64GBDDR4 RAM,2x1.92TBSSDSoftware RAID-1,1GbpsUnmetered Bandwidth,10Dedicated IPs,APSPriority Support ($20/mo value),Launch AssistOnboarding and Server Setup ($199 one-time value),Xeon® E-2388G*,8 Core / 16 Thread,128GBDDR4 RAM,2x1.92TBNVMe SSDSoftware RAID-1,1GbpsUnmetered Bandwidth,16Dedicated IPs,APSPriority Support ($20/mo value),Launch AssistOnboarding and Server Setup ($199 one-time value),AMD EPYC 4545p,16 Core / 32 Thread,192GBDDR5 ECC RAM,2x3.84TBNVMe SSDSoftware RAID-1,3Gbps - 10GbpsUnmetered Bandwidth,32Dedicated IPs,APSPriority Support ($20/mo value),Launch AssistOnboarding and Server Setup ($199 one-time value),Xeon® E3-1246 v3*,4 Core / 8 Thread,16GBDDR3 RAM,960GBSSD,1GbpsUnmetered Bandwidth,1Dedicated IPs,APSPriority Support ($20/mo value),Launch AssistOnboarding and Server Setup ($199 one-time value)",$199.99
Extreme,"Xeon® E-2134*,4 Core / 8 Thread,64GBDDR4 RAM,2TBSSD,1GbpsUnmetered Bandwidth,5Dedicated IPs,cPanelDedicated Premier Included ($49.99/mo value),APSPriority Support ($20/mo value),Launch AssistOnboarding and Server Setup ($199 one-time value),+ Premier CareBundle Included($20/mo. Regular Price$157.99),MonarxSecurity ($19.99/mo value),500GBBackup Storage($90/mo value),InMotion SolutionsConsulting - 1hr/mo ($48/mo value),Xeon® E-2176G*,6 Core / 12 Thread,64GBDDR4 RAM,2x1.92TBSSDSoftware RAID-1,1GbpsUnmetered Bandwidth,10Dedicated IPs,cPanelDedicated Premier Included ($49.99/mo value),APSPriority Support ($20/mo value),Launch AssistOnboarding and Server Setup ($199 one-time value),+ Premier CareBundle Included($20/mo. Regular Price$157.99),MonarxSecurity ($19.99/mo value),500GBBackup Storage($90/mo value),InMotion SolutionsConsulting - 1hr/mo ($48/mo value),Xeon® E-2388G*,8 Core / 16 Thread,128GBDDR4 RAM,2x1.92TBNVMe SSDSoftware RAID-1,1GbpsUnmetered Bandwidth,16Dedicated IPs,cPanelDedicated Premier Included ($49.99/mo value),APSPriority Support ($20/mo value),Launch AssistOnboarding and Server Setup ($199 one-time value),+ Premier CareBundle Included($20/mo. Regular Price$157.99),MonarxSecurity ($19.99/mo value),500GBBackup Storage($90/mo value),InMotion SolutionsConsulting - 1hr/mo ($48/mo value),AMD EPYC 4545p,16 Core / 32 Thread,192GBDDR5 ECC RAM,2x3.84TBNVMe SSDSoftware RAID-1,3Gbps - 10GbpsUnmetered Bandwidth,32Dedicated IPs,cPanelDedicated Premier Included ($49.99/mo value),APSPriority Support ($20/mo value),Launch AssistOnboarding and Server Setup ($199 one-time value),+ Premier CareBundle Included($20/mo. Regular Price$157.99),MonarxSecurity ($19.99/mo value),500GBBackup Storage($90/mo value),InMotion SolutionsConsulting - 1hr/mo ($48/mo value),Xeon® E-2134*,4 Core / 8 Thread,64GBDDR4 RAM,2TBSSD,1GbpsUnmetered Bandwidth,5Dedicated IPs,APSPriority Support ($20/mo value),Launch AssistOnboarding and Server Setup ($199 one-time value),Xeon® E-2176G*,6 Core / 12 Thread,64GBDDR4 RAM,2x1.92TBSSDSoftware RAID-1,1GbpsUnmetered Bandwidth,10Dedicated IPs,APSPriority Support ($20/mo value),Launch AssistOnboarding and Server Setup ($199 one-time value),Xeon® E-2388G*,8 Core / 16 Thread,128GBDDR4 RAM,2x1.92TBNVMe SSDSoftware RAID-1,1GbpsUnmetered Bandwidth,16Dedicated IPs,APSPriority Support ($20/mo value),Launch AssistOnboarding and Server Setup ($199 one-time value),AMD EPYC 4545p,16 Core / 32 Thread,192GBDDR5 ECC RAM,2x3.84TBNVMe SSDSoftware RAID-1,3Gbps - 10GbpsUnmetered Bandwidth,32Dedicated IPs,APSPriority Support ($20/mo value),Launch AssistOnboarding and Server Setup ($199 one-time value),Xeon® E3-1246 v3*,4 Core / 8 Thread,16GBDDR3 RAM,960GBSSD,1GbpsUnmetered Bandwidth,1Dedicated IPs,APSPriority Support ($20/mo value),Launch AssistOnboarding and Server Setup ($199 one-time value)",$349.99
Aspire,"Xeon® E-2134*,4 Core / 8 Thread,64GBDDR4 RAM,2TBSSD,1GbpsUnmetered Bandwidth,5Dedicated IPs,cPanelDedicated Premier Included ($49.99/mo value),APSPriority Support ($20/mo value),Launch AssistOnboarding and Server Setup ($199 one-time value),+ Premier CareBundle Included($20/mo. Regular Price$157.99),MonarxSecurity ($19.99/mo value),500GBBackup Storage($90/mo value),InMotion SolutionsConsulting - 1hr/mo ($48/mo value),Xeon® E-2176G*,6 Core / 12 Thread,64GBDDR4 RAM,2x1.92TBSSDSoftware RAID-1,1GbpsUnmetered Bandwidth,10Dedicated IPs,cPanelDedicated Premier Included ($49.99/mo value),APSPriority Support ($20/mo value),Launch AssistOnboarding and Server Setup ($199 one-time value),+ Premier CareBundle Included($20/mo. Regular Price$157.99),MonarxSecurity ($19.99/mo value),500GBBackup Storage($90/mo value),InMotion SolutionsConsulting - 1hr/mo ($48/mo value),Xeon® E-2388G*,8 Core / 16 Thread,128GBDDR4 RAM,2x1.92TBNVMe SSDSoftware RAID-1,1GbpsUnmetered Bandwidth,16Dedicated IPs,cPanelDedicated Premier Included ($49.99/mo value),APSPriority Support ($20/mo value),Launch AssistOnboarding and Server Setup ($199 one-time value),+ Premier CareBundle Included($20/mo. Regular Price$157.99),MonarxSecurity ($19.99/mo value),500GBBackup Storage($90/mo value),InMotion SolutionsConsulting - 1hr/mo ($48/mo value),AMD EPYC 4545p,16 Core / 32 Thread,192GBDDR5 ECC RAM,2x3.84TBNVMe SSDSoftware RAID-1,3Gbps - 10GbpsUnmetered Bandwidth,32Dedicated IPs,cPanelDedicated Premier Included ($49.99/mo value),APSPriority Support ($20/mo value),Launch AssistOnboarding and Server Setup ($199 one-time value),+ Premier CareBundle Included($20/mo. Regular Price$157.99),MonarxSecurity ($19.99/mo value),500GBBackup Storage($90/mo value),InMotion SolutionsConsulting - 1hr/mo ($48/mo value),Xeon® E-2134*,4 Core / 8 Thread,64GBDDR4 RAM,2TBSSD,1GbpsUnmetered Bandwidth,5Dedicated IPs,APSPriority Support ($20/mo value),Launch AssistOnboarding and Server Setup ($199 one-time value),Xeon® E-2176G*,6 Core / 12 Thread,64GBDDR4 RAM,2x1.92TBSSDSoftware RAID-1,1GbpsUnmetered Bandwidth,10Dedicated IPs,APSPriority Support ($20/mo value),Launch AssistOnboarding and Server Setup ($199 one-time value),Xeon® E-2388G*,8 Core / 16 Thread,128GBDDR4 RAM,2x1.92TBNVMe SSDSoftware RAID-1,1GbpsUnmetered Bandwidth,16Dedicated IPs,APSPriority Support ($20/mo value),Launch AssistOnboarding and Server Setup ($199 one-time value),AMD EPYC 4545p,16 Core / 32 Thread,192GBDDR5 ECC RAM,2x3.84TBNVMe SSDSoftware RAID-1,3Gbps - 10GbpsUnmetered Bandwidth,32Dedicated IPs,APSPriority Support ($20/mo value),Launch AssistOnboarding and Server Setup ($199 one-time value),Xeon® E3-1246 v3*,4 Core / 8 Thread,16GBDDR3 RAM,960GBSSD,1GbpsUnmetered Bandwidth,1Dedicated IPs,APSPriority Support ($20/mo value),Launch AssistOnboarding and Server Setup ($199 one-time value)",$35.00
